video_id,labeler,labeled_at,load_start,foot_lift,foot_plant,swing_start,impact,follow_end,clip_start,clip_end,note
Kt_10_강백호,,2026-10-05T07:11:06+00:00,1,8,31,33,36,,0,37,
Kt_11_강백호,,2026-09-28T17:56:56+00:00,,2,25,26,30,40,0,50,
Kt_12_강백호,,2026-09-28T17:58:48+00:00,0,,4,5,8,17,0,19,
Kt_13_강백호,,2026-09-28T17:59:56+00:00,,,16,18,22,29,0,30,
Kt_14_김현수,,2026-09-28T18:00:43+00:00,0,,47,51,64,93,0,95,
Kt_15_배정대,,2026-09-28T18:08:35+00:00,1,,,22,26,,0,34,
Kt_16_배정대,,2026-09-28T18:08:23+00:00,0,,,6,12,,0,16,
Kt_17_배정대,,2026-09-28T18:08:09+00:00,0,,,3,13,,0,18,
Kt_18_이호연,,2026-09-28T18:09:30+00:00,,0,13,16,23,33,0,33,
Kt_19_허경민,,2026-09-28T18:12:17+00:00,4,23,31,34,38,42,0,42,
기아_87_나성범,,2026-09-28T18:12:59+00:00,,,12,16,20,39,0,40,
Kt_59_박경수,,2026-09-28T18:13:42+00:00,,,5,15,20,,0,39,
ssg_13_최지훈,,2026-09-28T18:14:12+00:00,0,,27,29,38,54,0,54,
Kt_41_장성우,,2026-09-28T18:14:44+00:00,,,15,18,23,,0,30,
한화_5_오재원,,2026-09-28T18:15:29+00:00,3,13,53,58,66,78,0,78,
Kt_68_장준원,,2026-09-28T18:16:17+00:00,1,2,31,35,41,47,0,47,
롯데_83_손호영,,2026-09-28T18:16:52+00:00,0,10,30,32,35,40,0,41,
Kt_34_김현수,,2026-09-28T18:18:01+00:00,,0,34,37,43,49,0,49,
Kt_94_강백호,,2026-09-28T18:18:31+00:00,12,21,43,45,47,,0,51,
NC_45_권희동,,2026-09-28T18:19:16+00:00,,,40,44,52,,0,58,
한화_2_최인호,,2026-09-28T18:19:43+00:00,0,14,55,59,63,75,0,75,
Kt_27_로하스,,2026-09-28T18:20:19+00:00,0,38,65,72,78,87,0,87,
키움_6_브룩스,,2026-09-28T18:20:52+00:00,0,30,111,140,180,222,0,222,
Kt_83_이강민,,2026-09-28T18:21:29+00:00,0,76,91,93,97,,0,100,
이외_1_강정호,,2026-09-28T18:22:06+00:00,0,33,78,82,85,92,0,92,
Kt_80_권동진,,2026-09-28T18:22:40+00:00,0,49,69,71,74,77,0,77,
Kt_54_최원준,,2026-09-28T18:23:07+00:00,0,13,28,30,34,40,0,40,
Kt_70_황재균,,2026-09-28T22:07:54+00:00,,,22,25,30,35,0,35,
롯데_17_윤동희,,2026-09-28T22:08:44+00:00,6,11,70,74,80,87,0,87,
LG_34_송찬의,,2026-09-28T22:09:12+00:00,,,24,29,35,41,0,41,
키움_5_김혜성,,2026-09-28T22:13:35+00:00,,2,52,55,62,77,0,77,
LG_25_이재원,,2026-09-28T22:14:41+00:00,0,19,37,40,44,52,0,52,
LG_42_오지환,,2026-09-28T22:15:15+00:00,0,9,36,40,46,53,0,53,
기아_90_김도영,,2026-09-28T22:16:26+00:00,0,12,63,64,68,85,0,94,
NC_7_손아섭,,2026-09-28T22:16:51+00:00,0,13,38,40,44,49,0,49,
한화_1_오그레디,,2026-10-02T01:12:47+00:00,0,6,23,26,32,40,0,44,
LG_27_이영빈,,2026-10-02T01:13:29+00:00,0,38,56,58,62,69,0,72,
Kt_1_힐리어드,,2026-10-02T01:14:11+00:00,15,24,75,83,99,142,0,142,
LG_75_구본혁,,2026-10-02T01:14:43+00:00,0,33,57,61,65,69,0,69,
두산_77_안재석,,2026-10-02T01:15:44+00:00,8,28,97,101,114,128,0,128,
LG_16_문성주,,2026-10-02T01:16:22+00:00,59,65,84,85,90,93,50,93,
LG_2_홍창기,,2026-10-07T15:47:09+00:00,4,7,25,29,32,38,0,40,
Kt_81_오윤석,,2026-10-05T07:05:36+00:00,,,19,21,26,33,0,33,
Kt_91_김민혁,,2026-10-05T07:06:18+00:00,,,,17,27,40,0,40,
LG_59_신민재,,2026-10-05T07:06:54+00:00,4,,,18,21,27,0,27,
롯데_2_전준우,,2026-10-05T07:07:54+00:00,0,19,54,56,61,73,0,73,
LG_47_박동원,,2026-10-05T07:09:38+00:00,3,8,38,43,49,57,0,57,
롯데_13_전민재,,2026-10-05T07:10:41+00:00,,1,47,48,54,68,0,74,
Kt_74_황재균,,2026-10-05T07:16:26+00:00,,4,23,25,29,34,0,34,
Kt_82_이강민,,2026-10-05T07:16:13+00:00,1,6,20,21,24,29,0,29,
롯데_18_윤동희,,2026-10-05T07:18:26+00:00,0,3,48,42,55,62,0,62,
Kt_53_최원준,,2026-10-05T07:18:42+00:00,,3,31,33,38,42,0,42,
Kt_89_장성우,,2026-10-05T07:20:54+00:00,,5,59,61,67,76,0,79,
LG_28_이재원,,2026-10-05T07:21:59+00:00,3,23,48,50,53,61,0,63,
Kt_95_김현수,,2026-10-05T07:22:27+00:00,22,28,50,52,56,62,0,62,
롯데_84_손호영,,2026-10-05T07:27:40+00:00,,5,37,38,41,48,0,48,
ssg_43_최준우,,2026-10-05T07:28:28+00:00,17,22,39,40,42,50,0,55,
Kt_88_허경민,,2026-10-05T07:29:05+00:00,11,15,29,31,36,40,0,40,
Kt_28_강백호,,2026-10-05T07:29:41+00:00,14,20,56,58,61,70,0,70,
LG_21_이영빈,,2026-10-05T07:30:47+00:00,87,101,123,126,131,137,0,137,
삼성_2_김영웅,,2026-10-05T07:32:01+00:00,7,13,62,65,73,83,0,86,
Kt_23_로하스,,2026-10-05T07:33:51+00:00,12,22,55,58,64,71,0,71,
LG_15_문성주,,2026-10-07T04:44:31+00:00,8,12,29,31,34,38,0,38,
LG_35_오스틴,,2026-10-07T04:44:55+00:00,,1,16,18,20,23,0,23,
롯데_14_한태양,,2026-10-07T04:45:19+00:00,,4,43,46,52,64,0,71,
LG_39_오지환,,2026-10-07T15:48:20+00:00,,1,24,25,28,32,0,32,
ssg_14_최지훈,,2026-10-07T15:49:15+00:00,1,9,53,55,62,74,0,75,
LG_52_신민재,,2026-10-07T15:49:48+00:00,2,16,33,35,43,,0,52,
LG_74_구본혁,,2026-10-07T15:58:13+00:00,0,38,51,53,57,61,0,61,중간에 영상이 확대되는 구간이 있음(앞발착지와 스윙시작 사이)
ssg_88_박성한,,2026-10-08T03:17:03+00:00,16,24,45,47,51,55,0,57,
한화_4_오재원,,2026-10-08T03:17:36+00:00,38,52,101,108,115,126,0,126,
NC_22_서호철,,2026-10-08T03:18:00+00:00,28,36,60,63,67,70,0,70,
LG_58_박해민,,2026-10-08T03:18:29+00:00,59,68,86,90,93,99,0,100,
롯데_10_손성빈,,2026-10-08T03:19:18+00:00,30,66,110,135,187,241,0,257,
NC_35_김성욱,,2026-10-08T03:20:07+00:00,139,154,175,176,179,184,0,184,카메라 흔들림
NC_12_김주원,,2026-10-08T03:20:32+00:00,,,8,9,12,18,0,18,
NC_36_이우성,,2026-10-08T03:20:53+00:00,,,19,23,28,33,0,33,
두산_2_김민석,,2026-10-08T03:21:39+00:00,4,13,54,58,65,73,0,75,
